INSERT INTO SYS_ROLE_INFO(ROLE_ID, ROLE_CODE, ROLE_NAME, APP_ID, CREATE_TIME, MODIFY_TIME, DEL_FLAG)
  VALUES('role_admin', 'ROLE_ADMIN', '管理员角色', 'base', '2018-10-16 09:47:54.0', '2018-11-02 08:38:27.0', '0');

INSERT INTO SYS_USER_INFO(USER_ID, LOGIN_NAME,BRANCH_NO,CRYPT_PWD, USER_NAME, LOGIN_PWD, USER_EMAIL, USER_MOB_TEL, CREATE_TIME, MODIFY_TIME, DEL_FLAG, APP_ID)
  VALUES('user_admin', 'admin', '1000', 'SsUmCTK3sHU=', '系统管理员', '$2a$10$pvds5dGrjBeeT8kMk4MCnOn0Fg75BDZ9lcmGx7qKH1YBDtQNasVXm', 'admin@base.com', '13912345678', '2018-11-05 08:34:58.0', '2018-11-05 08:35:14.0', '0', '');
  
INSERT INTO SYS_ROLE_USER_REL(USER_ID, ROLE_ID)
  VALUES('user_admin', 'role_admin');
INSERT INTO SYS_MENU_INFO VALUES ('menu_admin_system_branch_update', '修改机构', NULL, '1', NULL, NULL, NULL, '/admin/system/branch:update', NULL, 'menu_admin_system_branch', NULL, NULL, 0, '2020-8-18 16:11:41', NULL, '0', 'base', '1', '0', '1');
INSERT INTO SYS_MENU_INFO VALUES ('menu_admin_system_branch_select', '查询机构', NULL, '1', NULL, NULL, NULL, '/admin/system/branch:select', NULL, 'menu_admin_system_branch', NULL, NULL, 0, '2020-8-18 16:12:42', NULL, '0', 'base', '1', '0', '1');
INSERT INTO SYS_MENU_INFO VALUES ('menu_admin_system_branch_delete', '删除机构', NULL, '1', NULL, NULL, NULL, '/admin/system/branch:delete', NULL, 'menu_admin_system_branch', NULL, NULL, 0, '2020-8-18 16:12:17', NULL, '0', 'base', '1', '0', '1');
INSERT INTO SYS_MENU_INFO VALUES ('menu_admin_system_branch_insert', '新增机构', NULL, '1', NULL, NULL, NULL, '/admin/system/branch:insert', NULL, 'menu_admin_system_branch', NULL, NULL, 0, '2020-8-18 16:11:09', NULL, '0', 'base', '1', '0', '1');
INSERT INTO SYS_MENU_INFO VALUES ('menu_admin_system_menu_delete', '删除菜单', NULL, '1', NULL, NULL, NULL, '/admin/system/menu:delete', NULL, 'menu_admin_system_menu', NULL, NULL, 2, '2020-8-18 16:27:36', NULL, '0', 'base', '1', '0', '1');
INSERT INTO SYS_MENU_INFO VALUES ('menu_admin_system_menu_select', '查询菜单', NULL, '1', NULL, NULL, NULL, '/admin/system/menu:select', NULL, 'menu_admin_system_menu', NULL, NULL, 3, '2020-8-18 16:28:01', NULL, '0', 'base', '1', '0', '1');
INSERT INTO SYS_MENU_INFO VALUES ('menu_admin_system_menu_update', '修改菜单', NULL, '1', NULL, NULL, NULL, '/admin/system/menu:update', NULL, 'menu_admin_system_menu', NULL, NULL, 1, '2020-8-18 16:27:11', NULL, '0', 'base', '1', '0', '1');
INSERT INTO SYS_MENU_INFO VALUES ('menu_admin_system_menu_insert', '新增菜单', NULL, '1', NULL, NULL, NULL, '/admin/system/menu:insert', NULL, 'menu_admin_system_menu', NULL, NULL, 0, '2020-8-18 16:26:50', NULL, '0', 'base', '1', '0', '1');
INSERT INTO SYS_MENU_INFO VALUES ('menu_admin_system_role_insert', '新增角色', NULL, '1', NULL, NULL, NULL, '/admin/system/role:insert', NULL, 'menu_admin_system_role', NULL, NULL, 0, '2020-8-18 16:29:33', NULL, '0', 'base', '1', '0', '1');
INSERT INTO SYS_MENU_INFO VALUES ('menu_admin_system_role_select', '查询角色', NULL, '1', NULL, NULL, NULL, '/admin/system/role:select', NULL, 'menu_admin_system_role', NULL, NULL, 3, '2020-8-18 16:31:17', NULL, '0', 'base', '1', '0', '1');
INSERT INTO SYS_MENU_INFO VALUES ('menu_admin_system_role_update', '修改角色', NULL, '1', NULL, NULL, NULL, '/admin/system/role:update', NULL, 'menu_admin_system_role', NULL, NULL, 1, '2020-8-18 16:30:19', NULL, '0', 'base', '1', '0', '1');
INSERT INTO SYS_MENU_INFO VALUES ('menu_admin_system_role_delete', '删除角色', NULL, '1', NULL, NULL, NULL, '/admin/system/role:delete', NULL, 'menu_admin_system_role', NULL, NULL, 2, '2020-8-18 16:30:48', NULL, '0', 'base', '1', '0', '1');
INSERT INTO SYS_MENU_INFO VALUES ('menu_admin_system_user_delete', '删除用户', NULL, '1', NULL, NULL, NULL, '/admin/system/user:delete', NULL, 'menu_admin_system_user', NULL, NULL, 2, '2020-8-18 16:32:57', NULL, '0', 'base', '1', '0', '1');
INSERT INTO SYS_MENU_INFO VALUES ('menu_admin_system_user_insert', '新增用户', NULL, '1', NULL, NULL, NULL, '/admin/system/user:insert', NULL, 'menu_admin_system_user', NULL, NULL, 0, '2020-8-18 16:31:54', NULL, '0', 'base', '1', '0', '1');
INSERT INTO SYS_MENU_INFO VALUES ('menu_admin_system_user_import', '导入用户', NULL, '1', NULL, NULL, NULL, '/admin/system/user:import', NULL, 'menu_admin_system_user', NULL, NULL, 4, '2020-8-18 16:33:52', NULL, '0', 'base', '1', '0', '1');
INSERT INTO SYS_MENU_INFO VALUES ('menu_admin_system_user_update', '修改用户', NULL, '1', NULL, NULL, NULL, '/admin/system/user:update', NULL, 'menu_admin_system_user', NULL, NULL, 1, '2020-8-18 16:32:19', NULL, '0', 'base', '1', '0', '1');
INSERT INTO SYS_MENU_INFO VALUES ('menu_admin_system_user_select', '查询用户', NULL, '1', NULL, NULL, NULL, '/admin/system/user:select', NULL, 'menu_admin_system_user', NULL, NULL, 3, '2020-8-18 16:33:23', NULL, '0', 'base', '1', '0', '1');

INSERT INTO SYS_ROLE_MENU_REL (ROLE_ID, MENU_ID) VALUES ('role_admin', 'menu_admin_system_branch_update');
INSERT INTO SYS_ROLE_MENU_REL (ROLE_ID, MENU_ID) VALUES ('role_admin', 'menu_admin_system_branch_select');
INSERT INTO SYS_ROLE_MENU_REL (ROLE_ID, MENU_ID) VALUES ('role_admin', 'menu_admin_system_branch_delete');
INSERT INTO SYS_ROLE_MENU_REL (ROLE_ID, MENU_ID) VALUES ('role_admin', 'menu_admin_system_branch_insert');
INSERT INTO SYS_ROLE_MENU_REL (ROLE_ID, MENU_ID) VALUES ('role_admin', 'menu_admin_system_menu_delete');
INSERT INTO SYS_ROLE_MENU_REL (ROLE_ID, MENU_ID) VALUES ('role_admin', 'menu_admin_system_menu_select');
INSERT INTO SYS_ROLE_MENU_REL (ROLE_ID, MENU_ID) VALUES ('role_admin', 'menu_admin_system_menu_update');
INSERT INTO SYS_ROLE_MENU_REL (ROLE_ID, MENU_ID) VALUES ('role_admin', 'menu_admin_system_menu_insert');
INSERT INTO SYS_ROLE_MENU_REL (ROLE_ID, MENU_ID) VALUES ('role_admin', 'menu_admin_system_role_insert');
INSERT INTO SYS_ROLE_MENU_REL (ROLE_ID, MENU_ID) VALUES ('role_admin', 'menu_admin_system_role_select');
INSERT INTO SYS_ROLE_MENU_REL (ROLE_ID, MENU_ID) VALUES ('role_admin', 'menu_admin_system_role_update');
INSERT INTO SYS_ROLE_MENU_REL (ROLE_ID, MENU_ID) VALUES ('role_admin', 'menu_admin_system_role_delete');
INSERT INTO SYS_ROLE_MENU_REL (ROLE_ID, MENU_ID) VALUES ('role_admin', 'menu_admin_system_user_delete');
INSERT INTO SYS_ROLE_MENU_REL (ROLE_ID, MENU_ID) VALUES ('role_admin', 'menu_admin_system_user_insert');
INSERT INTO SYS_ROLE_MENU_REL (ROLE_ID, MENU_ID) VALUES ('role_admin', 'menu_admin_system_user_import');
INSERT INTO SYS_ROLE_MENU_REL (ROLE_ID, MENU_ID) VALUES ('role_admin', 'menu_admin_system_user_update');
INSERT INTO SYS_ROLE_MENU_REL (ROLE_ID, MENU_ID) VALUES ('role_admin', 'menu_admin_system_user_select');

INSERT INTO SYS_ZUUL_ROUTE(ROUTE_ID, ROUTE_PATH, SERVICE_ID, URL_PROXY, STRIP_PREFIX, RETRYABLE_FLAG, ENABLED_FLAG, HEADERS_LIST, CREATE_TIME, UPDATE_TIME, DEL_FLAG)
  VALUES('4', '/admin/**', 'base-cloud-user-service', '', '1', '1', '1', '', '2018-05-21 03:40:38.0', '2019-02-15 11:17:37.0', '0');
INSERT INTO SYS_ZUUL_ROUTE(ROUTE_ID, ROUTE_PATH, SERVICE_ID, URL_PROXY, STRIP_PREFIX, RETRYABLE_FLAG, ENABLED_FLAG, HEADERS_LIST, CREATE_TIME, UPDATE_TIME, DEL_FLAG)
  VALUES('5', '/auth/**', 'base-cloud-auth', '', '1', '1', '1', '', '2018-05-21 03:41:08.0', '2019-02-15 11:17:37.0', '0');
INSERT INTO SYS_ZUUL_ROUTE(ROUTE_ID, ROUTE_PATH, SERVICE_ID, URL_PROXY, STRIP_PREFIX, RETRYABLE_FLAG, ENABLED_FLAG, HEADERS_LIST, CREATE_TIME, UPDATE_TIME, DEL_FLAG)
  VALUES('6', '/gen/**', 'base-cloud-gen-service', NULL, '1', '1', '1', '', '2018-11-08 02:37:35.0', '2019-02-15 11:17:37.0', '0');
  
INSERT INTO SYS_OAUTH_CLIENT(CLIENT_ID, RESOURCES_IDS, CLIENT_SECRET, SCOPE, AUTHORIZED_GRANT_TYPES, WEB_SERVER_REDIRECT_URI, AUTHORITIES, ACCESS_TOKEN_VALIDITY, REFRESH_TOKEN_VALIDITY, ADDITION_INFORMATION, AUTOAPPROVE)
  VALUES('cloud', NULL, '$2a$10$X1HOPGX6ADkQn4rvtk.C4uaz8vF1TdpY2aP/iC.3UKlonvco/k9e.', 'server', 'password,refresh_token,authorization_code', NULL, NULL, NULL, NULL, NULL, 'false');

INSERT INTO SYS_APP_INFO (APP_ID, APP_NAME, APP_ORDER, APP_LOGO, BROWSER_TITLE, APP_URL, APP_RMK, APP_REL, APP_STATE)
  VALUES('base', '数据管控平台', 1, 'icon_1.png', 'title', '/dashboard/workplace', NULL, NULL, '0');
INSERT INTO SYS_USER_APP_REL (USER_ID, APP_ID)
  VALUES('user_admin', 'base');
  
INSERT INTO sys_anno_type_info (TYPE_ID, APP_ID, TYPE_NAME, CREATE_TIME, MODIFY_TIME, TYPE_RMK) VALUES
	('a2323e7194f44025988b55c119c039db', 'base', '系统公告', '2020-07-14 16:16:47', NULL, NULL);


INSERT INTO SYS_MENU_INFO (MENU_ID, MENU_NAME, MENU_ROUTE_NAME, MENU_TYPE, MENU_URL, HTTP_METHOD, MENU_PATH, BUTTON_PERMISSION, MENU_COLOR, PARENT_ID, MENU_ICON, COMPONENT_PATH, MENU_SORT, CREATE_TIME, MODIFY_TIME, DEL_FLAG, APP_ID, AUTH_FLAG, HIDE_FLAG, ALIVE_FLAG) VALUES ('menu_dashboard', '首页', 'menu.dashboard', '0', null, null, '/dashboard/workplace', '', null, '-1', 'home', 'views/dashboard/Workplace', 0, '2017-11-07 12:56:00', '2020-05-27 16:55:11', '0', 'base' ,'1' ,'0', '1');

INSERT INTO SYS_MENU_INFO (MENU_ID, MENU_NAME, MENU_ROUTE_NAME, MENU_TYPE, MENU_URL, HTTP_METHOD, MENU_PATH, BUTTON_PERMISSION, MENU_COLOR, PARENT_ID, MENU_ICON, COMPONENT_PATH, MENU_SORT, CREATE_TIME, MODIFY_TIME, DEL_FLAG, APP_ID, AUTH_FLAG, HIDE_FLAG, ALIVE_FLAG) VALUES ('menu_console', '控制台', 'menu.console', '0', null, null, '/', '', null, '-1', 'setting', 'layouts/RouteView', 999, '2017-11-07 12:56:00', '2020-06-02 01:53:01', '0', 'base' ,'1' ,'0', '1');

INSERT INTO SYS_MENU_INFO (MENU_ID, MENU_NAME, MENU_ROUTE_NAME, MENU_TYPE, MENU_URL, HTTP_METHOD, MENU_PATH, BUTTON_PERMISSION, MENU_COLOR, PARENT_ID, MENU_ICON, COMPONENT_PATH, MENU_SORT, CREATE_TIME, MODIFY_TIME, DEL_FLAG, APP_ID, AUTH_FLAG, HIDE_FLAG, ALIVE_FLAG) VALUES ('menu_admin', '平台管理', 'menu.admin.self', '0', null, null, '/admin', '', null, 'menu_console', 'setting', 'layouts/RouteView', 1, '2017-11-07 12:56:00', '2020-06-02 01:53:01', '0', 'base' ,'1' ,'0', '1');

INSERT INTO SYS_MENU_INFO (MENU_ID, MENU_NAME, MENU_ROUTE_NAME, MENU_TYPE, MENU_URL, HTTP_METHOD, MENU_PATH, BUTTON_PERMISSION, MENU_COLOR, PARENT_ID, MENU_ICON, COMPONENT_PATH, MENU_SORT, CREATE_TIME, MODIFY_TIME, DEL_FLAG, APP_ID, AUTH_FLAG, HIDE_FLAG, ALIVE_FLAG) VALUES ('menu_admin_system', '系统管理', 'menu.admin.system.self', '0', null, null, '/admin/system', '', null, 'menu_admin', 'setting', 'layouts/RouteView', 1, '2017-11-07 12:56:00', '2020-06-02 01:53:01', '0', 'base' ,'1' ,'0', '1');
INSERT INTO SYS_MENU_INFO (MENU_ID, MENU_NAME, MENU_ROUTE_NAME, MENU_TYPE, MENU_URL, HTTP_METHOD, MENU_PATH, BUTTON_PERMISSION, MENU_COLOR, PARENT_ID, MENU_ICON, COMPONENT_PATH, MENU_SORT, CREATE_TIME, MODIFY_TIME, DEL_FLAG, APP_ID, AUTH_FLAG, HIDE_FLAG, ALIVE_FLAG) VALUES ('menu_admin_system_branch', '机构管理', 'menu.admin.system.branch', '0', null, null, '/admin/system/branch', '', null, 'menu_admin_system', 'setting', 'views/admin/system/branch/index', 1, '2017-11-02 14:24:37', '2020-05-30 20:25:52', '0', 'base' ,'1' ,'0', '1');
INSERT INTO SYS_MENU_INFO (MENU_ID, MENU_NAME, MENU_ROUTE_NAME, MENU_TYPE, MENU_URL, HTTP_METHOD, MENU_PATH, BUTTON_PERMISSION, MENU_COLOR, PARENT_ID, MENU_ICON, COMPONENT_PATH, MENU_SORT, CREATE_TIME, MODIFY_TIME, DEL_FLAG, APP_ID, AUTH_FLAG, HIDE_FLAG, ALIVE_FLAG) VALUES ('menu_admin_system_menu', '菜单管理', 'menu.admin.system.menu', '0', null, null, '/admin/system/menu', '', null, 'menu_admin_system', 'setting', 'views/admin/system/menu/index', 2, '2017-11-02 14:24:37', '2020-05-30 20:25:52', '0', 'base' ,'1' ,'0', '1');
INSERT INTO SYS_MENU_INFO (MENU_ID, MENU_NAME, MENU_ROUTE_NAME, MENU_TYPE, MENU_URL, HTTP_METHOD, MENU_PATH, BUTTON_PERMISSION, MENU_COLOR, PARENT_ID, MENU_ICON, COMPONENT_PATH, MENU_SORT, CREATE_TIME, MODIFY_TIME, DEL_FLAG, APP_ID, AUTH_FLAG, HIDE_FLAG, ALIVE_FLAG) VALUES ('menu_admin_system_role', '角色管理', 'menu.admin.system.role', '0', null, null, '/admin/system/role', '', null, 'menu_admin_system', 'setting', 'views/admin/system/role/index', 3, '2017-11-02 14:24:37', '2020-05-30 20:25:52', '0', 'base' ,'1' ,'0', '1');
INSERT INTO SYS_MENU_INFO (MENU_ID, MENU_NAME, MENU_ROUTE_NAME, MENU_TYPE, MENU_URL, HTTP_METHOD, MENU_PATH, BUTTON_PERMISSION, MENU_COLOR, PARENT_ID, MENU_ICON, COMPONENT_PATH, MENU_SORT, CREATE_TIME, MODIFY_TIME, DEL_FLAG, APP_ID, AUTH_FLAG, HIDE_FLAG, ALIVE_FLAG) VALUES ('menu_admin_system_user', '用户管理', 'menu.admin.system.user', '0', null, null, '/admin/system/user', '', null, 'menu_admin_system', 'setting', 'views/admin/system/user/index', 4, '2017-11-02 14:24:37', '2020-05-30 20:25:52', '0', 'base' ,'1' ,'0', '1');

INSERT INTO SYS_MENU_INFO (MENU_ID, MENU_NAME, MENU_ROUTE_NAME, MENU_TYPE, MENU_URL, HTTP_METHOD, MENU_PATH, BUTTON_PERMISSION, MENU_COLOR, PARENT_ID, MENU_ICON, COMPONENT_PATH, MENU_SORT, CREATE_TIME, MODIFY_TIME, DEL_FLAG, APP_ID, AUTH_FLAG, HIDE_FLAG, ALIVE_FLAG) VALUES ('menu_admin_config', '运行维护', 'menu.admin.config.self', '0', null, null, '/admin/config', '', null, 'menu_admin', 'setting', 'layouts/RouteView', 2, '2017-11-07 12:56:00', '2020-06-02 01:53:01', '0', 'base' ,'1' ,'0', '1');
INSERT INTO SYS_MENU_INFO (MENU_ID, MENU_NAME, MENU_ROUTE_NAME, MENU_TYPE, MENU_URL, HTTP_METHOD, MENU_PATH, BUTTON_PERMISSION, MENU_COLOR, PARENT_ID, MENU_ICON, COMPONENT_PATH, MENU_SORT, CREATE_TIME, MODIFY_TIME, DEL_FLAG, APP_ID, AUTH_FLAG, HIDE_FLAG, ALIVE_FLAG) VALUES ('menu_admin_config_annotype', '公告类型', 'menu.admin.config.annotype', '0', null, null, '/admin/config/annotype', '', null, 'menu_admin_config', 'setting', 'views/admin/config/annoType/index', 0, '2017-11-02 14:24:37', '2020-05-30 20:25:52', '0', 'base' ,'1' ,'0', '1');
INSERT INTO SYS_MENU_INFO (MENU_ID, MENU_NAME, MENU_ROUTE_NAME, MENU_TYPE, MENU_URL, HTTP_METHOD, MENU_PATH, BUTTON_PERMISSION, MENU_COLOR, PARENT_ID, MENU_ICON, COMPONENT_PATH, MENU_SORT, CREATE_TIME, MODIFY_TIME, DEL_FLAG, APP_ID, AUTH_FLAG, HIDE_FLAG, ALIVE_FLAG) VALUES ('menu_admin_config_anno', '公告管理', 'menu.admin.config.anno', '0', null, null, '/admin/config/anno', '', null, 'menu_admin_config', 'setting', 'views/admin/config/anno/index', 1, '2017-11-02 14:24:37', '2020-05-30 20:25:52', '0', 'base' ,'1' ,'0', '1');
INSERT INTO SYS_MENU_INFO (MENU_ID, MENU_NAME, MENU_ROUTE_NAME, MENU_TYPE, MENU_URL, HTTP_METHOD, MENU_PATH, BUTTON_PERMISSION, MENU_COLOR, PARENT_ID, MENU_ICON, COMPONENT_PATH, MENU_SORT, CREATE_TIME, MODIFY_TIME, DEL_FLAG, APP_ID, AUTH_FLAG, HIDE_FLAG, ALIVE_FLAG) VALUES ('menu_admin_config_online', '在线用户', 'menu.admin.config.online', '0', null, null, '/admin/config/online', '', null, 'menu_admin_config', 'setting', 'views/admin/config/online/index', 2, '2017-11-02 14:24:37', '2020-05-30 20:25:52', '0', 'base' ,'1' ,'0', '1');
INSERT INTO SYS_MENU_INFO (MENU_ID, MENU_NAME, MENU_ROUTE_NAME, MENU_TYPE, MENU_URL, HTTP_METHOD, MENU_PATH, BUTTON_PERMISSION, MENU_COLOR, PARENT_ID, MENU_ICON, COMPONENT_PATH, MENU_SORT, CREATE_TIME, MODIFY_TIME, DEL_FLAG, APP_ID, AUTH_FLAG, HIDE_FLAG, ALIVE_FLAG) VALUES ('menu_admin_config_operlog', '操作日志', 'menu.admin.config.operlog', '0', null, null, '/admin/config/operlog', '', null, 'menu_admin_config', 'setting', 'views/admin/config/operlog/index', 3, '2017-11-02 14:24:37', '2020-05-30 20:25:52', '0', 'base' ,'1' ,'0', '1');
INSERT INTO SYS_MENU_INFO (MENU_ID, MENU_NAME, MENU_ROUTE_NAME, MENU_TYPE, MENU_URL, HTTP_METHOD, MENU_PATH, BUTTON_PERMISSION, MENU_COLOR, PARENT_ID, MENU_ICON, COMPONENT_PATH, MENU_SORT, CREATE_TIME, MODIFY_TIME, DEL_FLAG, APP_ID, AUTH_FLAG, HIDE_FLAG, ALIVE_FLAG) VALUES ('menu_admin_config_pubcode', '运行参数', 'menu.admin.config.pubcode', '0', null, null, '/admin/config/pubcode', '', null, 'menu_admin_config', 'setting', 'views/admin/config/pubcode/index', 4, '2017-11-02 14:24:37', '2020-05-30 20:25:52', '0', 'base' ,'1' ,'0', '1');
INSERT INTO SYS_MENU_INFO (MENU_ID, MENU_NAME, MENU_ROUTE_NAME, MENU_TYPE, MENU_URL, HTTP_METHOD, MENU_PATH, BUTTON_PERMISSION, MENU_COLOR, PARENT_ID, MENU_ICON, COMPONENT_PATH, MENU_SORT, CREATE_TIME, MODIFY_TIME, DEL_FLAG, APP_ID, AUTH_FLAG, HIDE_FLAG, ALIVE_FLAG) VALUES ('menu_admin_config_inout', '导入导出', 'menu.admin.config.inout', '0', null, null, '/admin/config/inout', '', null, 'menu_admin_config', 'setting', 'views/admin/config/inout/index', 5, '2017-11-02 14:24:37', '2020-05-30 20:25:52', '0', 'base' ,'1' ,'0', '1');

INSERT INTO SYS_MENU_INFO (MENU_ID, MENU_NAME, MENU_ROUTE_NAME, MENU_TYPE, MENU_URL, HTTP_METHOD, MENU_PATH, BUTTON_PERMISSION, MENU_COLOR, PARENT_ID, MENU_ICON, COMPONENT_PATH, MENU_SORT, CREATE_TIME, MODIFY_TIME, DEL_FLAG, APP_ID, AUTH_FLAG, HIDE_FLAG, ALIVE_FLAG) VALUES ('menu_admin_notice', '通知中心', 'menu.admin.notice.self', '0', null, null, '/admin/notice', '', null, 'menu_admin', 'setting', 'layouts/RouteView', 3, '2017-11-07 12:56:00', '2020-06-02 01:53:01', '0', 'base' ,'1' ,'0', '1');
INSERT INTO SYS_MENU_INFO (MENU_ID, MENU_NAME, MENU_ROUTE_NAME, MENU_TYPE, MENU_URL, HTTP_METHOD, MENU_PATH, BUTTON_PERMISSION, MENU_COLOR, PARENT_ID, MENU_ICON, COMPONENT_PATH, MENU_SORT, CREATE_TIME, MODIFY_TIME, DEL_FLAG, APP_ID, AUTH_FLAG, HIDE_FLAG, ALIVE_FLAG) VALUES ('menu_admin_notice_mailsrv', '邮件服务器', 'menu.admin.notice.mailsrv', '0', null, null, '/admin/notice/mailsrv', '', null, 'menu_admin_notice', 'setting', 'views/admin/notice/mailsrv/index', 1, '2017-11-02 14:24:37', '2020-05-30 20:25:52', '0', 'base' ,'1' ,'0', '1');
INSERT INTO SYS_MENU_INFO (MENU_ID, MENU_NAME, MENU_ROUTE_NAME, MENU_TYPE, MENU_URL, HTTP_METHOD, MENU_PATH, BUTTON_PERMISSION, MENU_COLOR, PARENT_ID, MENU_ICON, COMPONENT_PATH, MENU_SORT, CREATE_TIME, MODIFY_TIME, DEL_FLAG, APP_ID, AUTH_FLAG, HIDE_FLAG, ALIVE_FLAG) VALUES ('menu_admin_notice_smssrv', '短信服务器', 'menu.admin.notice.smssrv', '0', null, null, '/admin/notice/smssrv', '', null, 'menu_admin_notice', 'setting', 'views/admin/notice/smssrv/index', 2, '2017-11-02 14:24:37', '2020-05-30 20:25:52', '0', 'base' ,'1' ,'0', '1');
INSERT INTO SYS_MENU_INFO (MENU_ID, MENU_NAME, MENU_ROUTE_NAME, MENU_TYPE, MENU_URL, HTTP_METHOD, MENU_PATH, BUTTON_PERMISSION, MENU_COLOR, PARENT_ID, MENU_ICON, COMPONENT_PATH, MENU_SORT, CREATE_TIME, MODIFY_TIME, DEL_FLAG, APP_ID, AUTH_FLAG, HIDE_FLAG, ALIVE_FLAG) VALUES ('menu_admin_notice_mailtmp', '邮件模板', 'menu.admin.notice.mailtmp', '0', null, null, '/admin/notice/mailtmp', '', null, 'menu_admin_notice', 'setting', 'views/admin/notice/mailtmp/index', 3, '2017-11-02 14:24:37', '2020-05-30 20:25:52', '0', 'base' ,'1' ,'0', '1');
INSERT INTO SYS_MENU_INFO (MENU_ID, MENU_NAME, MENU_ROUTE_NAME, MENU_TYPE, MENU_URL, HTTP_METHOD, MENU_PATH, BUTTON_PERMISSION, MENU_COLOR, PARENT_ID, MENU_ICON, COMPONENT_PATH, MENU_SORT, CREATE_TIME, MODIFY_TIME, DEL_FLAG, APP_ID, AUTH_FLAG, HIDE_FLAG, ALIVE_FLAG) VALUES ('menu_admin_notice_log', '通知日志', 'menu.admin.notice.log', '0', null, null, '/admin/notice/log', '', null, 'menu_admin_notice', 'setting', 'views/admin/notice/log/index', 5, '2017-11-02 14:24:37', '2020-05-30 20:25:52', '0', 'base' ,'1' ,'0', '1');

INSERT INTO SYS_MENU_INFO (MENU_ID, MENU_NAME, MENU_ROUTE_NAME, MENU_TYPE, MENU_URL, HTTP_METHOD, MENU_PATH, BUTTON_PERMISSION, MENU_COLOR, PARENT_ID, MENU_ICON, COMPONENT_PATH, MENU_SORT, CREATE_TIME, MODIFY_TIME, DEL_FLAG, APP_ID, AUTH_FLAG, HIDE_FLAG, ALIVE_FLAG) VALUES ('menu_admin_develop', '附助开发', 'menu.admin.develop.self', '0', null, null, '/admin/develop', '', null, 'menu_admin', 'setting', 'layouts/RouteView', 4, '2017-11-07 12:56:00', '2020-06-02 01:53:01', '0', 'base' ,'1' ,'0', '1');
INSERT INTO SYS_MENU_INFO (MENU_ID, MENU_NAME, MENU_ROUTE_NAME, MENU_TYPE, MENU_URL, HTTP_METHOD, MENU_PATH, BUTTON_PERMISSION, MENU_COLOR, PARENT_ID, MENU_ICON, COMPONENT_PATH, MENU_SORT, CREATE_TIME, MODIFY_TIME, DEL_FLAG, APP_ID, AUTH_FLAG, HIDE_FLAG, ALIVE_FLAG) VALUES ('menu_admin_develop_code', '代码生成', 'menu.admin.develop.code', '0', null, null, '/admin/develop/code', '', null, 'menu_admin_develop', 'setting', 'views/admin/develop/code/index', 1, '2017-11-02 14:24:37', '2020-05-30 20:25:52', '0', 'base' ,'1' ,'0', '1');
insert into sys_menu_info (menu_id, menu_name, menu_route_name, menu_type, menu_url, http_method, menu_path, button_permission, menu_color, parent_id, menu_icon, component_path, menu_sort, create_time, modify_time, del_flag, APP_ID, AUTH_FLAG, HIDE_FLAG, ALIVE_FLAG) values ('e910b041548b42fd98adf2ff6a90f8fa', '短信发送日志', 'menu.admin.notice.smslog', '0', null, null, '/admin/notice/smslog', null, null, 'menu_admin_notice', 'setting', 'views/admin/notice/smslog/index', 6, '2020-06-15 17:15:19', null, '0', 'base' ,'1' ,'0', '1');
insert into sys_menu_info (menu_id, menu_name, menu_route_name, menu_type, menu_url, http_method, menu_path, button_permission, menu_color, parent_id, menu_icon, component_path, menu_sort, create_time, modify_time, del_flag, APP_ID, AUTH_FLAG, HIDE_FLAG, ALIVE_FLAG) values ('4424b45bf47646dba84d457f6aa5d8c6', '查询', null, '1', null, '', null, '/admin/notice/log:select', null, 'menu_admin_notice_log', '', null, 1, '2020-06-14 19:16:04', null, '0', 'base' ,'1' ,'0', '1');
insert into sys_menu_info (menu_id, menu_name, menu_route_name, menu_type, menu_url, http_method, menu_path, button_permission, menu_color, parent_id, menu_icon, component_path, menu_sort, create_time, modify_time, del_flag, APP_ID, AUTH_FLAG, HIDE_FLAG, ALIVE_FLAG) values ('0bf9d130f50a4bf4bfa4e177a1e92ee4', '修改', null, '1', null, '', null, '/admin/notice/mailsrv:update', null, 'menu_admin_notice_mailsrv', '', null, 2, '2020-06-14 15:11:32', null, '0', 'base' ,'1' ,'0', '1');
insert into sys_menu_info (menu_id, menu_name, menu_route_name, menu_type, menu_url, http_method, menu_path, button_permission, menu_color, parent_id, menu_icon, component_path, menu_sort, create_time, modify_time, del_flag, APP_ID, AUTH_FLAG, HIDE_FLAG, ALIVE_FLAG) values ('0bf9d130f50a4bf4bfa4e177a1e92ee44', '修改', null, '1', null, '', null, '/admin/notice/mailTemp:update', null, 'menu_admin_notice_mailtmp', '', null, 2, '2020-06-14 15:11:32', '2020-06-14 18:26:08', '0', 'base' ,'1' ,'0', '1');
insert into sys_menu_info (menu_id, menu_name, menu_route_name, menu_type, menu_url, http_method, menu_path, button_permission, menu_color, parent_id, menu_icon, component_path, menu_sort, create_time, modify_time, del_flag, APP_ID, AUTH_FLAG, HIDE_FLAG, ALIVE_FLAG) values ('16b88d08910f45ca9c9945eefa3bd956', '查询', null, '1', null, '', null, '/admin/notice/smssrv:select', null, 'menu_admin_notice_smssrv', '', null, 4, '2020-06-15 14:42:56', null, '0', 'base' ,'1' ,'0', '1');
insert into sys_menu_info (menu_id, menu_name, menu_route_name, menu_type, menu_url, http_method, menu_path, button_permission, menu_color, parent_id, menu_icon, component_path, menu_sort, create_time, modify_time, del_flag, APP_ID, AUTH_FLAG, HIDE_FLAG, ALIVE_FLAG) values ('362d5f47015642e7b6e5e438b380b9f9', '新增', null, '1', null, null, null, '/admin/notice/smssrv:insert', null, 'menu_admin_notice_smssrv', 'setting', null, 1, '2020-06-15 14:41:12', null, '0', 'base' ,'1' ,'0', '1');
insert into sys_menu_info (menu_id, menu_name, menu_route_name, menu_type, menu_url, http_method, menu_path, button_permission, menu_color, parent_id, menu_icon, component_path, menu_sort, create_time, modify_time, del_flag, APP_ID, AUTH_FLAG, HIDE_FLAG, ALIVE_FLAG) values ('3b50fdf036f74a0b9603542cdfbc5c37', '查询', null, '1', null, '', null, '/admin/notice/mailsrv:select', null, 'menu_admin_notice_mailsrv', '', null, 4, '2020-06-14 15:12:26', null, '0', 'base' ,'1' ,'0', '1');
insert into sys_menu_info (menu_id, menu_name, menu_route_name, menu_type, menu_url, http_method, menu_path, button_permission, menu_color, parent_id, menu_icon, component_path, menu_sort, create_time, modify_time, del_flag, APP_ID, AUTH_FLAG, HIDE_FLAG, ALIVE_FLAG) values ('3b50fdf036f74a0b9603542cdfbc5c377', '查询', null, '1', null, '', null, '/admin/notice/mailTemp:select', null, 'menu_admin_notice_mailtmp', '', null, 4, '2020-06-14 15:12:26', '2020-06-14 18:26:09', '0', 'base' ,'1' ,'0', '1');

insert into sys_menu_info (menu_id, menu_name, menu_route_name, menu_type, menu_url, http_method, menu_path, button_permission, menu_color, parent_id, menu_icon, component_path, menu_sort, create_time, modify_time, del_flag, APP_ID, AUTH_FLAG, HIDE_FLAG, ALIVE_FLAG) values ('4ce3944877714e509afbcc8e9da6f248', '系统消息', 'menu.admin.notice.sysmsg', '0', null, '', '/admin/notice/sysmsg', null, null, 'menu_admin_notice', 'sound', 'views/admin/notice/sysmsg/index', 7, '2020-06-15 22:35:21', null, '0', 'base' ,'1' ,'0', '1');
insert into sys_menu_info (menu_id, menu_name, menu_route_name, menu_type, menu_url, http_method, menu_path, button_permission, menu_color, parent_id, menu_icon, component_path, menu_sort, create_time, modify_time, del_flag, APP_ID, AUTH_FLAG, HIDE_FLAG, ALIVE_FLAG) values ('50130f8393ea4449865233523a664b07', '新增', null, '1', null, null, null, '/admin/notice/mailsrv:insert', null, 'menu_admin_notice_mailsrv', '', null, 1, '2020-06-14 15:09:41', null, '0', 'base' ,'1' ,'0', '1');
insert into sys_menu_info (menu_id, menu_name, menu_route_name, menu_type, menu_url, http_method, menu_path, button_permission, menu_color, parent_id, menu_icon, component_path, menu_sort, create_time, modify_time, del_flag, APP_ID, AUTH_FLAG, HIDE_FLAG, ALIVE_FLAG) values ('50130f8393ea4449865233523a664b17', '新增', null, '1', null, null, null, '/admin/notice/mailTemp:insert', null, 'menu_admin_notice_mailtmp', '', null, 1, '2020-06-14 15:09:41', '2020-06-14 18:26:09', '0', 'base' ,'1' ,'0', '1');
insert into sys_menu_info (menu_id, menu_name, menu_route_name, menu_type, menu_url, http_method, menu_path, button_permission, menu_color, parent_id, menu_icon, component_path, menu_sort, create_time, modify_time, del_flag, APP_ID, AUTH_FLAG, HIDE_FLAG, ALIVE_FLAG) values ('5d2eb3e5beb64b7e81b18f3d44f529b6', '修改', null, '1', null, '', null, '/admin/notice/smssrv:update', null, 'menu_admin_notice_smssrv', '', null, 2, '2020-06-15 14:42:08', null, '0', 'base' ,'1' ,'0', '1');
insert into sys_menu_info (menu_id, menu_name, menu_route_name, menu_type, menu_url, http_method, menu_path, button_permission, menu_color, parent_id, menu_icon, component_path, menu_sort, create_time, modify_time, del_flag, APP_ID, AUTH_FLAG, HIDE_FLAG, ALIVE_FLAG) values ('a6f5da0d43ba4811a3c6280856572e24', '查询', null, '1', null, '', null, '/admin/notice/smslog:select', null, 'e910b041548b42fd98adf2ff6a90f8fa', '', null, 1, '2020-06-15 19:57:17', null, '0', 'base' ,'1' ,'0', '1');
insert into sys_menu_info (menu_id, menu_name, menu_route_name, menu_type, menu_url, http_method, menu_path, button_permission, menu_color, parent_id, menu_icon, component_path, menu_sort, create_time, modify_time, del_flag, APP_ID, AUTH_FLAG, HIDE_FLAG, ALIVE_FLAG) values ('b314224c42e6495d9b9a89a0e1b8359b', '删除', null, '1', null, '', null, '/admin/notice/mailsrv:delete', null, 'menu_admin_notice_mailsrv', '', null, 3, '2020-06-14 15:12:02', null, '0', 'base' ,'1' ,'0', '1');
insert into sys_menu_info (menu_id, menu_name, menu_route_name, menu_type, menu_url, http_method, menu_path, button_permission, menu_color, parent_id, menu_icon, component_path, menu_sort, create_time, modify_time, del_flag, APP_ID, AUTH_FLAG, HIDE_FLAG, ALIVE_FLAG) values ('b314224c42e6495d9b9a89a0e1b835bb', '删除', null, '1', null, '', null, '/admin/notice/mailTemp:delete', null, 'menu_admin_notice_mailtmp', '', null, 3, '2020-06-14 15:12:02', '2020-06-14 18:26:09', '0', 'base' ,'1' ,'0', '1');
insert into sys_menu_info (menu_id, menu_name, menu_route_name, menu_type, menu_url, http_method, menu_path, button_permission, menu_color, parent_id, menu_icon, component_path, menu_sort, create_time, modify_time, del_flag, APP_ID, AUTH_FLAG, HIDE_FLAG, ALIVE_FLAG) values ('c47b08ece54a4b49a2457638313c5e05', '删除', null, '1', null, '', null, '/admin/notice/smssrv:delete', null, 'menu_admin_notice_smssrv', '', null, 3, '2020-06-15 14:42:30', null, '0', 'base' ,'1' ,'0', '1');
insert into sys_menu_info (menu_id, menu_name, menu_route_name, menu_type, menu_url, http_method, menu_path, button_permission, menu_color, parent_id, menu_icon, component_path, menu_sort, create_time, modify_time, del_flag, APP_ID, AUTH_FLAG, HIDE_FLAG, ALIVE_FLAG) values ('dd4ea11118e74d5782f0f895ec2a6bf1', '查询', null, '1', null, '', null, '/admin/notice/sysmsg:select', null, '4ce3944877714e509afbcc8e9da6f248', '', null, 1, '2020-06-15 22:36:12', null, '0', 'base' ,'1' ,'0', '1');
insert into sys_menu_info (menu_id, menu_name, menu_route_name, menu_type, menu_url, http_method, menu_path, button_permission, menu_color, parent_id, menu_icon, component_path, menu_sort, create_time, modify_time, del_flag, APP_ID, AUTH_FLAG, HIDE_FLAG, ALIVE_FLAG) values ('1988b50a464b4bf2820fe3e59af13d40', '知识库管理', 'menu.admin.knowledge.manage', '0', null, '', ' /admin/knowledge/manage', null, null, 'menu_admin_knowledge', 'solution', 'views/admin/knowledge/manage/index', 1, '2020-06-17 16:18:08', null, '0', 'base' ,'1' ,'0', '1');
insert into sys_menu_info (menu_id, menu_name, menu_route_name, menu_type, menu_url, http_method, menu_path, button_permission, menu_color, parent_id, menu_icon, component_path, menu_sort, create_time, modify_time, del_flag, APP_ID, AUTH_FLAG, HIDE_FLAG, ALIVE_FLAG) values ('32be5ada7d564430b5e8aaa2164f602a', '删除', null, '1', null, '', null, '/admin/knowledge/manage:delete', null, '1988b50a464b4bf2820fe3e59af13d40', '', null, 3, '2020-06-17 19:15:19', null, '0', 'base' ,'1' ,'0', '1');
insert into sys_menu_info (menu_id, menu_name, menu_route_name, menu_type, menu_url, http_method, menu_path, button_permission, menu_color, parent_id, menu_icon, component_path, menu_sort, create_time, modify_time, del_flag, APP_ID, AUTH_FLAG, HIDE_FLAG, ALIVE_FLAG) values ('3a5038086ca74d009d6ee5d3c733f1e4', '修改', null, '1', null, '', null, '/admin/knowledge/manage:update', null, '1988b50a464b4bf2820fe3e59af13d40', '', null, 2, '2020-06-17 19:14:53', null, '0', 'base' ,'1' ,'0', '1');
insert into sys_menu_info (menu_id, menu_name, menu_route_name, menu_type, menu_url, http_method, menu_path, button_permission, menu_color, parent_id, menu_icon, component_path, menu_sort, create_time, modify_time, del_flag, APP_ID, AUTH_FLAG, HIDE_FLAG, ALIVE_FLAG) values ('558eef4e8d36423a9bc815104b7a435e', '查询', null, '1', null, '', null, '/admin/knowledge/manage:select', null, '1988b50a464b4bf2820fe3e59af13d40', '', null, 4, '2020-06-17 19:15:44', null, '0', 'base' ,'1' ,'0', '1');
insert into sys_menu_info (menu_id, menu_name, menu_route_name, menu_type, menu_url, http_method, menu_path, button_permission, menu_color, parent_id, menu_icon, component_path, menu_sort, create_time, modify_time, del_flag, APP_ID, AUTH_FLAG, HIDE_FLAG, ALIVE_FLAG) values ('6ce8136850644608b4a8c3a7310021ca', '新增', null, '1', null, '', null, '/admin/knowledge/manage:insert', null, '1988b50a464b4bf2820fe3e59af13d40', '', null, 1, '2020-06-17 19:14:11', null, '0', 'base' ,'1' ,'0', '1');
insert into sys_menu_info (menu_id, menu_name, menu_route_name, menu_type, menu_url, http_method, menu_path, button_permission, menu_color, parent_id, menu_icon, component_path, menu_sort, create_time, modify_time, del_flag, APP_ID, AUTH_FLAG, HIDE_FLAG, ALIVE_FLAG) values ('menu_admin_knowledge', '知识库', 'menu.admin.knowledge.self', '0', null, null, '/admin/knowledge', '', null, 'menu_admin', 'read', 'layouts/RouteView', 10, '2017-11-07 12:56:00', '2020-06-12 17:13:57', '0', 'base' ,'1' ,'0', '1');
INSERT INTO SYS_MENU_INFO VALUES ('menu_admin_dict_manage', '字典管理', 'menu.admin.dict.manage', '0', NULL, '', '/admin/dict/manage', NULL, NULL, 'menu_admin_dict_self', 'solution', 'views/admin/dict/info/index', 1, '2020-6-28 12:08:08', '2020-6-28 12:10:59', '0', 'base' ,'1' ,'0', '1');
INSERT INTO SYS_MENU_INFO VALUES ('menu_admin_dict_manage_add', '新增', NULL, '1', NULL, '', NULL, '/dict/info:insert', NULL, 'menu_admin_dict_manage', '', NULL, 1, '2020-6-28 12:57:45', '2020-6-28 13:01:01', '0', 'base' ,'1' ,'0', '1');
INSERT INTO SYS_MENU_INFO VALUES ('menu_admin_dict_manage_delete', '删除', NULL, '1', NULL, '', NULL, '/dict/info:delete', NULL, 'menu_admin_dict_manage', '', NULL, 3, '2020-6-28 12:58:48', '2020-6-28 13:00:45', '0', 'base' ,'1' ,'0', '1');
INSERT INTO SYS_MENU_INFO VALUES ('menu_admin_dict_manage_select', '查询', NULL, '1', NULL, '', NULL, '/dict/info:select', NULL, 'menu_admin_dict_manage', '', NULL, 4, '2020-6-28 12:59:12', '2020-6-28 13:00:35', '0', 'base' ,'1' ,'0', '1');
INSERT INTO SYS_MENU_INFO VALUES ('menu_admin_dict_manage_update', '修改', NULL, '1', NULL, '', NULL, '/dict/info:update', NULL, 'menu_admin_dict_manage', '', NULL, 2, '2020-6-28 12:58:22', '2020-6-28 13:00:54', '0', 'base' ,'1' ,'0', '1');
INSERT INTO SYS_MENU_INFO VALUES ('menu_admin_dict_self', '数据字典', 'menu.admin.dict.self', '0', NULL, NULL, '/', NULL, NULL, 'menu_admin', 'setting', 'layouts/RouteView', 9, '2020-6-28 12:01:58', '2020-6-28 12:09:59', '0', 'base' ,'1' ,'0', '1');

	insert into sys_menu_info (menu_id, menu_name, menu_route_name, menu_type, menu_url, http_method, menu_path, button_permission, menu_color, parent_id, menu_icon, component_path, menu_sort, create_time, modify_time, del_flag, APP_ID, AUTH_FLAG, HIDE_FLAG, ALIVE_FLAG) values ('menu_admin_workflow', '工作流', 'menu.admin.workflow.self', '0', null, null, '/admin/workflow', '', null, 'menu_admin', 'setting', 'layouts/RouteView', 11, '2017-11-07 12:56:00', '2020-06-12 17:13:57', '0', 'base' ,'1' ,'0', '1');
		insert into sys_menu_info (menu_id, menu_name, menu_route_name, menu_type, menu_url, http_method, menu_path, button_permission, menu_color, parent_id, menu_icon, component_path, menu_sort, create_time, modify_time, del_flag, APP_ID, AUTH_FLAG, HIDE_FLAG, ALIVE_FLAG) values ('menu_admin_workflow_workflow', '工作流管理', 'menu.admin.workflow.workflow', '0', null, '', ' /admin/workflow/workflow', null, null, 'menu_admin_workflow', 'solution', 'views/admin/workflow/workflow/index', 1, '2020-06-17 16:18:08', null, '0', 'base' ,'1' ,'0', '1');
			INSERT INTO SYS_MENU_INFO VALUES ('menu_admin_workflow_workflow_insert', '新增', '', '1', NULL, NULL, '', '/admin/workflow/workflow:insert', NULL, 'menu_admin_workflow_workflow', '', '', 1, '2017-11-2 14:24:37', '2020-6-23 20:49:09', '0', 'base' ,'1' ,'0', '1');
			INSERT INTO SYS_MENU_INFO VALUES ('menu_admin_workflow_workflow_update', '修改', '', '1', NULL, NULL, '', '/admin/workflow/workflow:update', NULL, 'menu_admin_workflow_workflow', '', '', 2, '2017-11-2 14:24:37', '2020-6-23 20:49:10', '0', 'base' ,'1' ,'0', '1');
			INSERT INTO SYS_MENU_INFO VALUES ('menu_admin_workflow_workflow_delete', '删除', '', '1', NULL, NULL, '', '/admin/workflow/workflow:delete', NULL, 'menu_admin_workflow_workflow', '', '', 3, '2017-11-2 14:24:37', '2020-6-23 20:44:55', '0', 'base' ,'1' ,'0', '1');
			INSERT INTO SYS_MENU_INFO VALUES ('menu_admin_workflow_workflow_select', '查询', '', '1', NULL, NULL, '', '/admin/workflow/workflow:select', NULL, 'menu_admin_workflow_workflow', '', '', 4, '2017-11-2 14:24:37', '2020-6-23 20:44:55', '0', 'base' ,'1' ,'0', '1');
			INSERT INTO SYS_ROLE_MENU_REL (ROLE_ID, MENU_ID) VALUES ('role_admin', 'menu_admin_workflow_workflow_insert');
			INSERT INTO SYS_ROLE_MENU_REL (ROLE_ID, MENU_ID) VALUES ('role_admin', 'menu_admin_workflow_workflow_update');
			INSERT INTO SYS_ROLE_MENU_REL (ROLE_ID, MENU_ID) VALUES ('role_admin', 'menu_admin_workflow_workflow_delete');
			INSERT INTO SYS_ROLE_MENU_REL (ROLE_ID, MENU_ID) VALUES ('role_admin', 'menu_admin_workflow_workflow_select');
		insert into sys_menu_info (menu_id, menu_name, menu_route_name, menu_type, menu_url, http_method, menu_path, button_permission, menu_color, parent_id, menu_icon, component_path, menu_sort, create_time, modify_time, del_flag, APP_ID, AUTH_FLAG, HIDE_FLAG, ALIVE_FLAG) values ('menu_admin_workflow_instance', '工作流实例', 'menu.admin.workflow.instance', '0', null, '', ' /admin/workflow/instance', null, null, 'menu_admin_workflow', 'solution', 'views/admin/workflow/instance/index', 2, '2020-06-17 16:18:08', null, '0', 'base' ,'1' ,'0', '1');
			INSERT INTO SYS_MENU_INFO VALUES ('menu_admin_workflow_instance_insert', '新增', '', '1', NULL, NULL, '', '/admin/workflow/instance:insert', NULL, 'menu_admin_workflow_instance', '', '', 1, '2017-11-2 14:24:37', '2020-6-23 20:49:09', '0', 'base' ,'1' ,'0', '1');
			INSERT INTO SYS_MENU_INFO VALUES ('menu_admin_workflow_instance_update', '修改', '', '1', NULL, NULL, '', '/admin/workflow/instance:update', NULL, 'menu_admin_workflow_instance', '', '', 2, '2017-11-2 14:24:37', '2020-6-23 20:49:10', '0', 'base' ,'1' ,'0', '1');
			INSERT INTO SYS_MENU_INFO VALUES ('menu_admin_workflow_instance_delete', '删除', '', '1', NULL, NULL, '', '/admin/workflow/instance:delete', NULL, 'menu_admin_workflow_instance', '', '', 3, '2017-11-2 14:24:37', '2020-6-23 20:44:55', '0', 'base' ,'1' ,'0', '1');
			INSERT INTO SYS_MENU_INFO VALUES ('menu_admin_workflow_instance_select', '查询', '', '1', NULL, NULL, '', '/admin/workflow/instance:select', NULL, 'menu_admin_workflow_instance', '', '', 4, '2017-11-2 14:24:37', '2020-6-23 20:44:55', '0', 'base' ,'1' ,'0', '1');
			INSERT INTO SYS_ROLE_MENU_REL (ROLE_ID, MENU_ID) VALUES ('role_admin', 'menu_admin_workflow_instance_insert');
			INSERT INTO SYS_ROLE_MENU_REL (ROLE_ID, MENU_ID) VALUES ('role_admin', 'menu_admin_workflow_instance_update');
			INSERT INTO SYS_ROLE_MENU_REL (ROLE_ID, MENU_ID) VALUES ('role_admin', 'menu_admin_workflow_instance_delete');
			INSERT INTO SYS_ROLE_MENU_REL (ROLE_ID, MENU_ID) VALUES ('role_admin', 'menu_admin_workflow_instance_select');
		insert into sys_menu_info (menu_id, menu_name, menu_route_name, menu_type, menu_url, http_method, menu_path, button_permission, menu_color, parent_id, menu_icon, component_path, menu_sort, create_time, modify_time, del_flag, APP_ID, AUTH_FLAG, HIDE_FLAG, ALIVE_FLAG) values ('menu_admin_workflow_taskext', '自定义任务', 'menu.admin.workflow.taskext', '0', null, '', ' /admin/workflow/taskext', null, null, 'menu_admin_workflow', 'solution', 'views/admin/workflow/taskext/index', 3, '2020-06-17 16:18:08', null, '0', 'base' ,'1' ,'0', '1');
			INSERT INTO SYS_MENU_INFO VALUES ('menu_admin_workflow_taskext_insert', '新增', '', '1', NULL, NULL, '', '/admin/workflow/taskext:insert', NULL, 'menu_admin_workflow_taskext', '', '', 1, '2017-11-2 14:24:37', '2020-6-23 20:49:09', '0', 'base' ,'1' ,'0', '1');
			INSERT INTO SYS_MENU_INFO VALUES ('menu_admin_workflow_taskext_update', '修改', '', '1', NULL, NULL, '', '/admin/workflow/taskext:update', NULL, 'menu_admin_workflow_taskext', '', '', 2, '2017-11-2 14:24:37', '2020-6-23 20:49:10', '0', 'base' ,'1' ,'0', '1');
			INSERT INTO SYS_MENU_INFO VALUES ('menu_admin_workflow_taskext_delete', '删除', '', '1', NULL, NULL, '', '/admin/workflow/taskext:delete', NULL, 'menu_admin_workflow_taskext', '', '', 3, '2017-11-2 14:24:37', '2020-6-23 20:44:55', '0', 'base' ,'1' ,'0', '1');
			INSERT INTO SYS_MENU_INFO VALUES ('menu_admin_workflow_taskext_select', '查询', '', '1', NULL, NULL, '', '/admin/workflow/taskext:select', NULL, 'menu_admin_workflow_taskext', '', '', 4, '2017-11-2 14:24:37', '2020-6-23 20:44:55', '0', 'base' ,'1' ,'0', '1');
			INSERT INTO SYS_ROLE_MENU_REL (ROLE_ID, MENU_ID) VALUES ('role_admin', 'menu_admin_workflow_taskext');
			INSERT INTO SYS_ROLE_MENU_REL (ROLE_ID, MENU_ID) VALUES ('role_admin', 'menu_admin_workflow_taskext_insert');
			INSERT INTO SYS_ROLE_MENU_REL (ROLE_ID, MENU_ID) VALUES ('role_admin', 'menu_admin_workflow_taskext_update');
			INSERT INTO SYS_ROLE_MENU_REL (ROLE_ID, MENU_ID) VALUES ('role_admin', 'menu_admin_workflow_taskext_delete');
			INSERT INTO SYS_ROLE_MENU_REL (ROLE_ID, MENU_ID) VALUES ('role_admin', 'menu_admin_workflow_taskext_select');


INSERT INTO SYS_MENU_INFO (MENU_ID, MENU_NAME, MENU_ROUTE_NAME, MENU_TYPE, MENU_URL, HTTP_METHOD, MENU_PATH, BUTTON_PERMISSION, MENU_COLOR, PARENT_ID, MENU_ICON, COMPONENT_PATH, MENU_SORT, CREATE_TIME, MODIFY_TIME, DEL_FLAG, APP_ID, AUTH_FLAG, HIDE_FLAG, ALIVE_FLAG) VALUES ('menu_knowledge_bus', '知识库', 'menu.knowledge.bus', '0', null, null, '/admin/know/tree?id=', '', null, '-1', 'read', 'layouts/RouteView', 5, '2017-11-07 12:56:00', '2020-06-02 01:53:01', '0', 'base' ,'1' ,'0', '1');
INSERT INTO SYS_MENU_INFO (MENU_ID, MENU_NAME, MENU_ROUTE_NAME, MENU_TYPE, MENU_URL, HTTP_METHOD, MENU_PATH, BUTTON_PERMISSION, MENU_COLOR, PARENT_ID, MENU_ICON, COMPONENT_PATH, MENU_SORT, CREATE_TIME, MODIFY_TIME, DEL_FLAG, APP_ID, AUTH_FLAG, HIDE_FLAG, ALIVE_FLAG) VALUES ('menu_knowledge_bus_detail','知识库详情','menu.knowledge.bus.detail','0',NULL,NULL,'/know/view/:id',NULL,NULL,'-1','file-search','views/admin/knowledge/bus/index',0,'2020-07-29 17:13:43','2020-07-30 09:17:29','0','base','1','1','1');
INSERT INTO SYS_ROLE_MENU_REL (ROLE_ID, MENU_ID) VALUES ('role_admin', 'menu_knowledge_bus_detail');
INSERT INTO SYS_MENU_INFO (MENU_ID, MENU_NAME, MENU_ROUTE_NAME, MENU_TYPE, MENU_URL, HTTP_METHOD, MENU_PATH, BUTTON_PERMISSION, MENU_COLOR, PARENT_ID, MENU_ICON, COMPONENT_PATH, MENU_SORT, CREATE_TIME, MODIFY_TIME, DEL_FLAG, APP_ID, AUTH_FLAG, HIDE_FLAG, ALIVE_FLAG) VALUES ('menu_search','搜索','menu.search','0',NULL,NULL,'/search',NULL,NULL,'-1','search','views/search/Search',0,'2020-07-29 15:18:14','2020-07-29 15:43:10','0','base','0','1','1');
INSERT INTO SYS_MENU_INFO (MENU_ID, MENU_NAME, MENU_ROUTE_NAME, MENU_TYPE, MENU_URL, HTTP_METHOD, MENU_PATH, BUTTON_PERMISSION, MENU_COLOR, PARENT_ID, MENU_ICON, COMPONENT_PATH, MENU_SORT, CREATE_TIME, MODIFY_TIME, DEL_FLAG, APP_ID, AUTH_FLAG, HIDE_FLAG, ALIVE_FLAG) VALUES ('menu_person','个人中心','menu.person','0',NULL,NULL,'/person',NULL,NULL,'-1','user','views/admin/account/center',0,'2020-07-29 15:17:17','2020-07-29 15:43:26','0','base','0','1','1');

INSERT INTO SYS_ROLE_MENU_REL (ROLE_ID, MENU_ID) VALUES ('role_admin', 'menu_admin_dict_manage');
INSERT INTO SYS_ROLE_MENU_REL (ROLE_ID, MENU_ID) VALUES ('role_admin', 'menu_admin_dict_manage_add');
INSERT INTO SYS_ROLE_MENU_REL (ROLE_ID, MENU_ID) VALUES ('role_admin', 'menu_admin_dict_manage_delete');
INSERT INTO SYS_ROLE_MENU_REL (ROLE_ID, MENU_ID) VALUES ('role_admin', 'menu_admin_dict_manage_select');
INSERT INTO SYS_ROLE_MENU_REL (ROLE_ID, MENU_ID) VALUES ('role_admin', 'menu_admin_dict_manage_update');
INSERT INTO SYS_ROLE_MENU_REL (ROLE_ID, MENU_ID) VALUES ('role_admin', 'menu_admin_dict_self');


INSERT INTO SYS_ROLE_MENU_REL (ROLE_ID, MENU_ID) VALUES ('role_admin', '14880bc865334f1388fe3b6a2b3190be');
INSERT INTO SYS_ROLE_MENU_REL (ROLE_ID, MENU_ID) VALUES ('role_admin', '1988b50a464b4bf2820fe3e59af13d40');
INSERT INTO SYS_ROLE_MENU_REL (ROLE_ID, MENU_ID) VALUES ('role_admin', '32be5ada7d564430b5e8aaa2164f602a');
INSERT INTO SYS_ROLE_MENU_REL (ROLE_ID, MENU_ID) VALUES ('role_admin', '3a5038086ca74d009d6ee5d3c733f1e4');
INSERT INTO SYS_ROLE_MENU_REL (ROLE_ID, MENU_ID) VALUES ('role_admin', '558eef4e8d36423a9bc815104b7a435e');
INSERT INTO SYS_ROLE_MENU_REL (ROLE_ID, MENU_ID) VALUES ('role_admin', '6ce8136850644608b4a8c3a7310021ca');
INSERT INTO SYS_ROLE_MENU_REL (ROLE_ID, MENU_ID) VALUES ('role_admin', 'menu_admin_knowledge');


insert into sys_role_menu_rel (role_id, menu_id) values ('role_admin', '0bf9d130f50a4bf4bfa4e177a1e92ee4');
insert into sys_role_menu_rel (role_id, menu_id) values ('role_admin', '0bf9d130f50a4bf4bfa4e177a1e92ee44');
insert into sys_role_menu_rel (role_id, menu_id) values ('role_admin', '16b88d08910f45ca9c9945eefa3bd956');
insert into sys_role_menu_rel (role_id, menu_id) values ('role_admin', '362d5f47015642e7b6e5e438b380b9f9');
insert into sys_role_menu_rel (role_id, menu_id) values ('role_admin', '3b50fdf036f74a0b9603542cdfbc5c37');
insert into sys_role_menu_rel (role_id, menu_id) values ('role_admin', '3b50fdf036f74a0b9603542cdfbc5c377');
insert into sys_role_menu_rel (role_id, menu_id) values ('role_admin', '4424b45bf47646dba84d457f6aa5d8c6');
insert into sys_role_menu_rel (role_id, menu_id) values ('role_admin', '4ce3944877714e509afbcc8e9da6f248');
insert into sys_role_menu_rel (role_id, menu_id) values ('role_admin', '50130f8393ea4449865233523a664b07');
insert into sys_role_menu_rel (role_id, menu_id) values ('role_admin', '50130f8393ea4449865233523a664b17');
insert into sys_role_menu_rel (role_id, menu_id) values ('role_admin', '5d2eb3e5beb64b7e81b18f3d44f529b6');
insert into sys_role_menu_rel (role_id, menu_id) values ('role_admin', 'a6f5da0d43ba4811a3c6280856572e24');
insert into sys_role_menu_rel (role_id, menu_id) values ('role_admin', 'b314224c42e6495d9b9a89a0e1b8359b');
insert into sys_role_menu_rel (role_id, menu_id) values ('role_admin', 'b314224c42e6495d9b9a89a0e1b835bb');
insert into sys_role_menu_rel (role_id, menu_id) values ('role_admin', 'c47b08ece54a4b49a2457638313c5e05');
insert into sys_role_menu_rel (role_id, menu_id) values ('role_admin', 'dd4ea11118e74d5782f0f895ec2a6bf1');
insert into sys_role_menu_rel (role_id, menu_id) values ('role_admin', 'e910b041548b42fd98adf2ff6a90f8fa');
INSERT INTO SYS_ROLE_MENU_REL (ROLE_ID, MENU_ID) VALUES ('role_admin', 'menu_dashboard');
INSERT INTO SYS_ROLE_MENU_REL (ROLE_ID, MENU_ID) VALUES ('role_admin', 'menu_console');
INSERT INTO SYS_ROLE_MENU_REL (ROLE_ID, MENU_ID) VALUES ('role_admin', 'menu_admin');
INSERT INTO SYS_ROLE_MENU_REL (ROLE_ID, MENU_ID) VALUES ('role_admin', 'menu_admin_system');
INSERT INTO SYS_ROLE_MENU_REL (ROLE_ID, MENU_ID) VALUES ('role_admin', 'menu_admin_system_branch');
INSERT INTO SYS_ROLE_MENU_REL (ROLE_ID, MENU_ID) VALUES ('role_admin', 'menu_admin_system_menu');
INSERT INTO SYS_ROLE_MENU_REL (ROLE_ID, MENU_ID) VALUES ('role_admin', 'menu_admin_system_role');
INSERT INTO SYS_ROLE_MENU_REL (ROLE_ID, MENU_ID) VALUES ('role_admin', 'menu_admin_system_user');
INSERT INTO SYS_ROLE_MENU_REL (ROLE_ID, MENU_ID) VALUES ('role_admin', 'menu_admin_config');
INSERT INTO SYS_ROLE_MENU_REL (ROLE_ID, MENU_ID) VALUES ('role_admin', 'menu_admin_config_annotype');
INSERT INTO SYS_ROLE_MENU_REL (ROLE_ID, MENU_ID) VALUES ('role_admin', 'menu_admin_config_anno');
INSERT INTO SYS_ROLE_MENU_REL (ROLE_ID, MENU_ID) VALUES ('role_admin', 'menu_admin_config_online');
INSERT INTO SYS_ROLE_MENU_REL (ROLE_ID, MENU_ID) VALUES ('role_admin', 'menu_admin_config_operlog');
INSERT INTO SYS_ROLE_MENU_REL (ROLE_ID, MENU_ID) VALUES ('role_admin', 'menu_admin_config_pubcode');
INSERT INTO SYS_ROLE_MENU_REL (ROLE_ID, MENU_ID) VALUES ('role_admin', 'menu_admin_config_inout');
INSERT INTO SYS_ROLE_MENU_REL (ROLE_ID, MENU_ID) VALUES ('role_admin', 'menu_admin_notice');
INSERT INTO SYS_ROLE_MENU_REL (ROLE_ID, MENU_ID) VALUES ('role_admin', 'menu_admin_notice_mailsrv');
INSERT INTO SYS_ROLE_MENU_REL (ROLE_ID, MENU_ID) VALUES ('role_admin', 'menu_admin_notice_smssrv');
INSERT INTO SYS_ROLE_MENU_REL (ROLE_ID, MENU_ID) VALUES ('role_admin', 'menu_admin_notice_mailtmp');
INSERT INTO SYS_ROLE_MENU_REL (ROLE_ID, MENU_ID) VALUES ('role_admin', 'menu_admin_notice_smstmp');
INSERT INTO SYS_ROLE_MENU_REL (ROLE_ID, MENU_ID) VALUES ('role_admin', 'menu_admin_notice_log');
INSERT INTO SYS_ROLE_MENU_REL (ROLE_ID, MENU_ID) VALUES ('role_admin', 'menu_admin_develop');
INSERT INTO SYS_ROLE_MENU_REL (ROLE_ID, MENU_ID) VALUES ('role_admin', 'menu_admin_develop_code');
INSERT INTO SYS_MENU_INFO VALUES ('db423df1842b4d18b427e69228f85a8c', '删除日志', NULL, '1', NULL, NULL, NULL, '/admin/oper/log:delete', NULL, 'menu_admin_config_operlog', NULL, NULL, 0, '2020-7-22 15:59:46', NULL, '0', 'base' ,'1' ,'0', '1');
INSERT INTO SYS_MENU_INFO VALUES ('2adad533c3de41e098757aa1058923ba', '删除系统消息日志', NULL, '1', NULL, NULL, NULL, '/admin/notice/sysmsg:delete', NULL, '4ce3944877714e509afbcc8e9da6f248', NULL, NULL, 2, '2020-8-4 12:11:40', NULL, '0', 'base', '1', '0', '1');
INSERT INTO SYS_MENU_INFO VALUES ('66d50cac3fba48a09f1874128ed0ba28', '删除短信日志', NULL, '1', NULL, NULL, NULL, '/admin/notice/smslog:delete', NULL, 'e910b041548b42fd98adf2ff6a90f8fa', NULL, NULL, 2, '2020-8-4 12:11:06', NULL, '0', 'base', '1', '0', '1');
INSERT INTO SYS_MENU_INFO VALUES ('edd7af61f18044a2b37de728848e2b73', '删除通知日志', NULL, '1', NULL, NULL, NULL, '/admin/notice/log:delete', NULL, 'menu_admin_notice_log', NULL, NULL, 2, '2020-8-4 12:10:25', NULL, '0', 'base', '1', '0', '1');
INSERT INTO SYS_ROLE_MENU_REL (ROLE_ID, MENU_ID) VALUES ('role_admin', '2adad533c3de41e098757aa1058923ba');
INSERT INTO SYS_ROLE_MENU_REL (ROLE_ID, MENU_ID) VALUES ('role_admin', '66d50cac3fba48a09f1874128ed0ba28');
INSERT INTO SYS_ROLE_MENU_REL (ROLE_ID, MENU_ID) VALUES ('role_admin', 'edd7af61f18044a2b37de728848e2b73');

INSERT INTO SYS_ROLE_MENU_REL (ROLE_ID, MENU_ID) VALUES ('role_admin', 'db423df1842b4d18b427e69228f85a8c');
INSERT INTO SYS_ROLE_MENU_REL (ROLE_ID, MENU_ID) VALUES ('role_admin', 'menu_admin_workflow');
INSERT INTO SYS_ROLE_MENU_REL (ROLE_ID, MENU_ID) VALUES ('role_admin', 'menu_admin_workflow_workflow');
INSERT INTO SYS_ROLE_MENU_REL (ROLE_ID, MENU_ID) VALUES ('role_admin', 'menu_admin_workflow_instance');
insert into SYS_DICT (ID, DICT_NAME, DICT_CODE, DESCRIPTION, DEL_FLAG, CREATE_TIME, TYPE) values ('0d1e3dc408c5400284d4fa3a9dd3b0be', '学历', 'educate', '学历字典', null, '2020-07-09 19:17:42', null);
insert into SYS_DICT (ID, DICT_NAME, DICT_CODE, DESCRIPTION, DEL_FLAG, CREATE_TIME, TYPE) values ('1', '性别', 'sex', '性别字典', null, '2020-06-28 13:12:13', '0');
insert into sys_dict (ID, DICT_NAME, DICT_CODE, DESCRIPTION, DEL_FLAG, CREATE_TIME, TYPE) values ('1c551511f4df4ee8be4ba142f3fadf96', '报送频度', 'SENDFREQ', '指标体系： 报送频度', null, '2020-07-31 12:24:25', null);
insert into sys_dict (ID, DICT_NAME, DICT_CODE, DESCRIPTION, DEL_FLAG, CREATE_TIME, TYPE) values ('1d78442bb3be4c9bbf3a648f622c01ed', ' 派生级别', 'DERIVELEVEL', '指标体系： 派生级别', null, '2020-07-31 12:18:50', null);
insert into sys_dict (ID, DICT_NAME, DICT_CODE, DESCRIPTION, DEL_FLAG, CREATE_TIME, TYPE) values ('3b03af58edae4ec6a0e3d671a0e7a53b', '来源', 'INDSOURCE', '指标体系： 来源', null, '2020-07-31 12:26:38', null);
insert into sys_dict (ID, DICT_NAME, DICT_CODE, DESCRIPTION, DEL_FLAG, CREATE_TIME, TYPE) values ('d1ee706875c94d4bb1a3bd2a192a686f', '计算频度', 'INDFREQ', '指标体系：计算频度', null, '2020-07-31 12:21:16', null);

insert into sys_dict_item (ID, DICT_ID, ITEM_TEXT, ITEM_VALUE, DESCRIPTION, SORT_ORDER, STATUS, CREATE_TIME) values ('0af456b25cf848f7b0c8be94da3ad96e', 'd1ee706875c94d4bb1a3bd2a192a686f', '季', '2', null, 2, null, '2020-07-31 12:23:22');
insert into sys_dict_item (ID, DICT_ID, ITEM_TEXT, ITEM_VALUE, DESCRIPTION, SORT_ORDER, STATUS, CREATE_TIME) values ('5a65ef46949840758eda5ea02dadb1a0', '0d1e3dc408c5400284d4fa3a9dd3b0be', '博士', '1', null, 1, null, '2020-07-09 19:18:07');
insert into sys_dict_item (ID, DICT_ID, ITEM_TEXT, ITEM_VALUE, DESCRIPTION, SORT_ORDER, STATUS, CREATE_TIME) values ('6cbd64a69e58456cb38b5b7383ec4c5f', '1', '男', '0', '男', 1, null, '2020-06-29 12:07:36');
insert into sys_dict_item (ID, DICT_ID, ITEM_TEXT, ITEM_VALUE, DESCRIPTION, SORT_ORDER, STATUS, CREATE_TIME) values ('78353c4ca00a461b87ce0c40db5b47db', 'd1ee706875c94d4bb1a3bd2a192a686f', '年', '3', null, 3, null, '2020-07-31 12:23:35');
insert into sys_dict_item (ID, DICT_ID, ITEM_TEXT, ITEM_VALUE, DESCRIPTION, SORT_ORDER, STATUS, CREATE_TIME) values ('7f7247433a6149e1a7a2257cb2a69f8b', '0d1e3dc408c5400284d4fa3a9dd3b0be', '大专', '4', null, 4, null, '2020-07-09 19:19:08');
insert into sys_dict_item (ID, DICT_ID, ITEM_TEXT, ITEM_VALUE, DESCRIPTION, SORT_ORDER, STATUS, CREATE_TIME) values ('8d4d0455598849babca367559ea2c5c0', 'd1ee706875c94d4bb1a3bd2a192a686f', '月', '1', null, 1, null, '2020-07-31 12:23:05');
insert into sys_dict_item (ID, DICT_ID, ITEM_TEXT, ITEM_VALUE, DESCRIPTION, SORT_ORDER, STATUS, CREATE_TIME) values ('975aa91a98244857a69e141c22d0da85', '0d1e3dc408c5400284d4fa3a9dd3b0be', '硕士', '2', null, 2, null, '2020-07-09 19:18:29');
insert into sys_dict_item (ID, DICT_ID, ITEM_TEXT, ITEM_VALUE, DESCRIPTION, SORT_ORDER, STATUS, CREATE_TIME) values ('a03fe0c684a341b0991bf267f29a4a6e', '1', '女', '2', '女', 2, null, '2020-06-29 12:07:49');
insert into sys_dict_item (ID, DICT_ID, ITEM_TEXT, ITEM_VALUE, DESCRIPTION, SORT_ORDER, STATUS, CREATE_TIME) values ('a1bea023c2df4f2785e7fad7b0ff0d23', '0d1e3dc408c5400284d4fa3a9dd3b0be', '本科', '3', null, 3, null, '2020-07-09 19:18:46');
insert into sys_dict_item (ID, DICT_ID, ITEM_TEXT, ITEM_VALUE, DESCRIPTION, SORT_ORDER, STATUS, CREATE_TIME) values ('a76f5e341c3e4511915ac034e5883736', '1d78442bb3be4c9bbf3a648f622c01ed', '一级', '1', null, 1, null, '2020-07-31 12:19:15');
insert into sys_dict_item (ID, DICT_ID, ITEM_TEXT, ITEM_VALUE, DESCRIPTION, SORT_ORDER, STATUS, CREATE_TIME) values ('ab3e196ee9a04236b8f218088c833451', '1c551511f4df4ee8be4ba142f3fadf96', '季', '2', null, 2, null, '2020-07-31 12:25:30');
insert into sys_dict_item (ID, DICT_ID, ITEM_TEXT, ITEM_VALUE, DESCRIPTION, SORT_ORDER, STATUS, CREATE_TIME) values ('af3341544fad4850898f47645b1932a4', '1d78442bb3be4c9bbf3a648f622c01ed', '二级', '2', null, 2, null, '2020-07-31 12:19:34');
insert into sys_dict_item (ID, DICT_ID, ITEM_TEXT, ITEM_VALUE, DESCRIPTION, SORT_ORDER, STATUS, CREATE_TIME) values ('b5bd22290f624d968ec5d335bbc80ace', '1', '未知', '1', '未知', 3, null, '2020-06-30 10:49:16');
insert into sys_dict_item (ID, DICT_ID, ITEM_TEXT, ITEM_VALUE, DESCRIPTION, SORT_ORDER, STATUS, CREATE_TIME) values ('bcd7ce11b5ac483ca45b6592338f5991', '1c551511f4df4ee8be4ba142f3fadf96', '年', '3', null, 3, null, '2020-07-31 12:25:44');
insert into sys_dict_item (ID, DICT_ID, ITEM_TEXT, ITEM_VALUE, DESCRIPTION, SORT_ORDER, STATUS, CREATE_TIME) values ('d7a0043de671451a8353706778ffb946', '1c551511f4df4ee8be4ba142f3fadf96', '月', '1', null, 1, null, '2020-07-31 12:25:14');
insert into sys_dict_item (ID, DICT_ID, ITEM_TEXT, ITEM_VALUE, DESCRIPTION, SORT_ORDER, STATUS, CREATE_TIME) values ('f7ef20cb48594836a0fbea555b84abaf', '3b03af58edae4ec6a0e3d671a0e7a53b', '1104报表', '1', null, 1, null, '2020-07-31 12:26:54');

INSERT INTO SYS_MENU_INFO (MENU_ID,MENU_NAME,MENU_ROUTE_NAME,MENU_TYPE,MENU_URL,HTTP_METHOD,MENU_PATH,BUTTON_PERMISSION,MENU_COLOR,PARENT_ID,MENU_ICON,COMPONENT_PATH,MENU_SORT,CREATE_TIME,MODIFY_TIME,DEL_FLAG,APP_ID,AUTH_FLAG,HIDE_FLAG,ALIVE_FLAG) VALUES ('menu_admin_system_layout_item','布局数据项','menu.admin.system.layout.item','0',NULL,NULL,'/admin/system/layoutItem',NULL,NULL,'menu_admin_system','radar-chart','views/admin/system/layout/layoutItem/index',6,'2020-08-25 16:13:44','2020-08-25 08:57:52','0','base','1','0','1');
INSERT INTO SYS_MENU_INFO (MENU_ID,MENU_NAME,MENU_ROUTE_NAME,MENU_TYPE,MENU_URL,HTTP_METHOD,MENU_PATH,BUTTON_PERMISSION,MENU_COLOR,PARENT_ID,MENU_ICON,COMPONENT_PATH,MENU_SORT,CREATE_TIME,MODIFY_TIME,DEL_FLAG,APP_ID,AUTH_FLAG,HIDE_FLAG,ALIVE_FLAG) VALUES ('menu_admin_system_layout_item_delete','删除数据项',NULL,'1',NULL,NULL,NULL,'/layout/layoutItem:delete',NULL,'menu_admin_system_layout_item',NULL,NULL,2,'2020-08-25 16:15:35','2020-08-25 08:57:52','0','base','1','0','1');
INSERT INTO SYS_MENU_INFO (MENU_ID,MENU_NAME,MENU_ROUTE_NAME,MENU_TYPE,MENU_URL,HTTP_METHOD,MENU_PATH,BUTTON_PERMISSION,MENU_COLOR,PARENT_ID,MENU_ICON,COMPONENT_PATH,MENU_SORT,CREATE_TIME,MODIFY_TIME,DEL_FLAG,APP_ID,AUTH_FLAG,HIDE_FLAG,ALIVE_FLAG) VALUES ('menu_admin_system_layout_item_insert','新增数据项',NULL,'1',NULL,NULL,NULL,'/layout/layoutItem:insert',NULL,'menu_admin_system_layout_item',NULL,NULL,0,'2020-08-25 16:14:25','2020-08-25 08:57:52','0','base','1','0','1');
INSERT INTO SYS_MENU_INFO (MENU_ID,MENU_NAME,MENU_ROUTE_NAME,MENU_TYPE,MENU_URL,HTTP_METHOD,MENU_PATH,BUTTON_PERMISSION,MENU_COLOR,PARENT_ID,MENU_ICON,COMPONENT_PATH,MENU_SORT,CREATE_TIME,MODIFY_TIME,DEL_FLAG,APP_ID,AUTH_FLAG,HIDE_FLAG,ALIVE_FLAG) VALUES ('menu_admin_system_layout_item_select','查询数据项',NULL,'1',NULL,NULL,NULL,'/layout/layoutItem:select',NULL,'menu_admin_system_layout_item',NULL,NULL,3,'2020-08-25 16:16:06','2020-08-25 08:57:52','0','base','1','0','1');
INSERT INTO SYS_MENU_INFO (MENU_ID,MENU_NAME,MENU_ROUTE_NAME,MENU_TYPE,MENU_URL,HTTP_METHOD,MENU_PATH,BUTTON_PERMISSION,MENU_COLOR,PARENT_ID,MENU_ICON,COMPONENT_PATH,MENU_SORT,CREATE_TIME,MODIFY_TIME,DEL_FLAG,APP_ID,AUTH_FLAG,HIDE_FLAG,ALIVE_FLAG) VALUES ('menu_admin_system_layout_item_update','修改数据项',NULL,'1',NULL,NULL,NULL,'/layout/layoutItem:update',NULL,'menu_admin_system_layout_item',NULL,NULL,1,'2020-08-25 16:14:57','2020-08-25 08:57:52','0','base','1','0','1');
INSERT INTO SYS_MENU_INFO (MENU_ID,MENU_NAME,MENU_ROUTE_NAME,MENU_TYPE,MENU_URL,HTTP_METHOD,MENU_PATH,BUTTON_PERMISSION,MENU_COLOR,PARENT_ID,MENU_ICON,COMPONENT_PATH,MENU_SORT,CREATE_TIME,MODIFY_TIME,DEL_FLAG,APP_ID,AUTH_FLAG,HIDE_FLAG,ALIVE_FLAG) VALUES ('menu_admin_system_layout','首页布局管理','menu.admin.system.layout.layout','0',NULL,NULL,'/admin/system/layoutInfo',NULL,NULL,'menu_admin_system','radar-chart','views/admin/system/layout/layout/index',5,'2020-08-25 16:13:44','2020-08-31 14:02:16','0','base','1','0','1');
INSERT INTO SYS_MENU_INFO (MENU_ID,MENU_NAME,MENU_ROUTE_NAME,MENU_TYPE,MENU_URL,HTTP_METHOD,MENU_PATH,BUTTON_PERMISSION,MENU_COLOR,PARENT_ID,MENU_ICON,COMPONENT_PATH,MENU_SORT,CREATE_TIME,MODIFY_TIME,DEL_FLAG,APP_ID,AUTH_FLAG,HIDE_FLAG,ALIVE_FLAG) VALUES ('menu_admin_system_layout_delete','删除布局',NULL,'1',NULL,NULL,NULL,'/layout/layout:delete',NULL,'menu_admin_system_layout',NULL,NULL,2,'2020-08-25 16:15:35','2020-08-25 09:11:59','0','base','1','0','1');
INSERT INTO SYS_MENU_INFO (MENU_ID,MENU_NAME,MENU_ROUTE_NAME,MENU_TYPE,MENU_URL,HTTP_METHOD,MENU_PATH,BUTTON_PERMISSION,MENU_COLOR,PARENT_ID,MENU_ICON,COMPONENT_PATH,MENU_SORT,CREATE_TIME,MODIFY_TIME,DEL_FLAG,APP_ID,AUTH_FLAG,HIDE_FLAG,ALIVE_FLAG) VALUES ('menu_admin_system_layout_insert','新增布局',NULL,'1',NULL,NULL,NULL,'/layout/layout:insert',NULL,'menu_admin_system_layout',NULL,NULL,0,'2020-08-25 16:14:25','2020-08-25 09:11:59','0','base','1','0','1');
INSERT INTO SYS_MENU_INFO (MENU_ID,MENU_NAME,MENU_ROUTE_NAME,MENU_TYPE,MENU_URL,HTTP_METHOD,MENU_PATH,BUTTON_PERMISSION,MENU_COLOR,PARENT_ID,MENU_ICON,COMPONENT_PATH,MENU_SORT,CREATE_TIME,MODIFY_TIME,DEL_FLAG,APP_ID,AUTH_FLAG,HIDE_FLAG,ALIVE_FLAG) VALUES ('menu_admin_system_layout_select','查询布局',NULL,'1',NULL,NULL,NULL,'/layout/layout:select',NULL,'menu_admin_system_layout',NULL,NULL,3,'2020-08-25 16:16:06','2020-08-25 09:11:59','0','base','1','0','1');
INSERT INTO SYS_MENU_INFO (MENU_ID,MENU_NAME,MENU_ROUTE_NAME,MENU_TYPE,MENU_URL,HTTP_METHOD,MENU_PATH,BUTTON_PERMISSION,MENU_COLOR,PARENT_ID,MENU_ICON,COMPONENT_PATH,MENU_SORT,CREATE_TIME,MODIFY_TIME,DEL_FLAG,APP_ID,AUTH_FLAG,HIDE_FLAG,ALIVE_FLAG) VALUES ('menu_admin_system_layout_update','修改布局',NULL,'1',NULL,NULL,NULL,'/layout/layout:update',NULL,'menu_admin_system_layout',NULL,NULL,1,'2020-08-25 16:14:57','2020-08-25 09:11:59','0','base','1','0','1');
INSERT INTO SYS_MENU_INFO (MENU_ID,MENU_NAME,MENU_ROUTE_NAME,MENU_TYPE,MENU_URL,HTTP_METHOD,MENU_PATH,BUTTON_PERMISSION,MENU_COLOR,PARENT_ID,MENU_ICON,COMPONENT_PATH,MENU_SORT,CREATE_TIME,MODIFY_TIME,DEL_FLAG,APP_ID,AUTH_FLAG,HIDE_FLAG,ALIVE_FLAG) VALUES ('menu_admin_self_layout_design','自定义布局','menu.admin.system.layout.custom','0',NULL,NULL,'/admin/custom/layoutDesign/:id',NULL,NULL,'menu_admin_system','scissor','views/admin/system/layout/bus/custom',0,'2020-08-30 22:19:07','2020-08-31 06:06:31','0','base','0','1','0');
INSERT INTO SYS_MENU_INFO (MENU_ID,MENU_NAME,MENU_ROUTE_NAME,MENU_TYPE,MENU_URL,HTTP_METHOD,MENU_PATH,BUTTON_PERMISSION,MENU_COLOR,PARENT_ID,MENU_ICON,COMPONENT_PATH,MENU_SORT,CREATE_TIME,MODIFY_TIME,DEL_FLAG,APP_ID,AUTH_FLAG,HIDE_FLAG,ALIVE_FLAG) VALUES ('menu_admin_system_layout_design','布局定制','menu.admin.system.layout.design','0',NULL,NULL,'/admin/system/layoutDesign/:id',NULL,NULL,'menu_admin_system','radar-chart','views/admin/system/layout/bus/index',0,'2020-08-25 16:13:44','2020-08-31 06:06:31','0','base','1','1','0');
INSERT INTO SYS_ROLE_MENU_REL (ROLE_ID, MENU_ID) VALUES ('role_admin', 'menu_admin_system_layout_item');
INSERT INTO SYS_ROLE_MENU_REL (ROLE_ID, MENU_ID) VALUES ('role_admin', 'menu_admin_system_layout_item_insert');
INSERT INTO SYS_ROLE_MENU_REL (ROLE_ID, MENU_ID) VALUES ('role_admin', 'menu_admin_system_layout_item_update');
INSERT INTO SYS_ROLE_MENU_REL (ROLE_ID, MENU_ID) VALUES ('role_admin', 'menu_admin_system_layout_item_select');
INSERT INTO SYS_ROLE_MENU_REL (ROLE_ID, MENU_ID) VALUES ('role_admin', 'menu_admin_system_layout_item_delete');
INSERT INTO SYS_ROLE_MENU_REL (ROLE_ID, MENU_ID) VALUES ('role_admin', 'menu_admin_system_layout');
INSERT INTO SYS_ROLE_MENU_REL (ROLE_ID, MENU_ID) VALUES ('role_admin', 'menu_admin_system_layout_insert');
INSERT INTO SYS_ROLE_MENU_REL (ROLE_ID, MENU_ID) VALUES ('role_admin', 'menu_admin_system_layout_update');
INSERT INTO SYS_ROLE_MENU_REL (ROLE_ID, MENU_ID) VALUES ('role_admin', 'menu_admin_system_layout_select');
INSERT INTO SYS_ROLE_MENU_REL (ROLE_ID, MENU_ID) VALUES ('role_admin', 'menu_admin_system_layout_delete');
INSERT INTO SYS_ROLE_MENU_REL (ROLE_ID, MENU_ID) VALUES ('role_admin', 'menu_admin_self_layout_design');
INSERT INTO SYS_ROLE_MENU_REL (ROLE_ID, MENU_ID) VALUES ('role_admin', 'menu_admin_system_layout_design');

INSERT INTO SYS_LAYOUT_ITEM_INFO (ITEM_ID,ITEM_NAME,APP_ID,ITEM_COMP,MIN_WIDTH,MIN_HEIGHT,LOGIN_NAME,ITEM_ORDER,ITEM_RMK,CREATE_TIME,MODIFY_TIME) VALUES ('base_person','个人中心','base','views/dashboard/modules/BasePerson',12,7,'admin',1,'base-个人中心快捷键','2020-08-25 16:44:32','2020-08-31 04:56:35');
INSERT INTO SYS_LAYOUT_ITEM_INFO (ITEM_ID,ITEM_NAME,APP_ID,ITEM_COMP,MIN_WIDTH,MIN_HEIGHT,LOGIN_NAME,ITEM_ORDER,ITEM_RMK,CREATE_TIME,MODIFY_TIME) VALUES ('base_instance','待办任务','base','views/dashboard/modules/BaseInstance',8,18,'admin',2,'base-待办任务列表','2020-08-25 16:53:25','2020-08-31 13:01:19');
INSERT INTO SYS_LAYOUT_ITEM_INFO (ITEM_ID,ITEM_NAME,APP_ID,ITEM_COMP,MIN_WIDTH,MIN_HEIGHT,LOGIN_NAME,ITEM_ORDER,ITEM_RMK,CREATE_TIME,MODIFY_TIME) VALUES ('base_message','消息公告','base','views/dashboard/modules/BaseMessage',8,18,'admin',3,'base-公告列表','2020-08-25 16:53:43','2020-08-31 13:01:26');

INSERT INTO SYS_LAYOUT_INFO (LAY_ID,LAY_NAME,APP_ID,LAY_TYPE,LAY_LEVEL,LOGIN_NAME,LAY_RMK,CREATE_TIME,MODIFY_TIME) VALUES ('base_layout','默认布局','base','0',0,'admin','base-默认布局','2020-08-31 10:31:21','2020-08-31 04:57:26');
INSERT INTO SYS_LAYOUT_ITEM_REL (LAY_ID,ITEM_ID,REL_X,REL_Y,REL_W,REL_H) VALUES ('base_layout','base_instance',0,7,8,18);
INSERT INTO SYS_LAYOUT_ITEM_REL (LAY_ID,ITEM_ID,REL_X,REL_Y,REL_W,REL_H) VALUES ('base_layout','base_message',8,7,8,18);
INSERT INTO SYS_LAYOUT_ITEM_REL (LAY_ID,ITEM_ID,REL_X,REL_Y,REL_W,REL_H) VALUES ('base_layout','base_person',0,0,16,7);

INSERT INTO SYS_MENU_INFO (MENU_ID, MENU_NAME, MENU_ROUTE_NAME, MENU_TYPE, MENU_URL, HTTP_METHOD, MENU_PATH, BUTTON_PERMISSION, MENU_COLOR, PARENT_ID, MENU_ICON, COMPONENT_PATH, MENU_SORT, CREATE_TIME, MODIFY_TIME, DEL_FLAG, APP_ID, AUTH_FLAG, HIDE_FLAG, ALIVE_FLAG) VALUES ('menu_admin_monitor_server', '资源监控', 'menu.admin.monitor.server', '0', null, null, '/admin/monitor/server', '', null, 'menu_admin_config', 'setting', 'views/admin/config/monitor/server', 8, '2017-11-02 14:24:37', '2020-05-30 20:25:52', '0', 'base' ,'1' ,'0', '1');
INSERT INTO SYS_MENU_INFO (MENU_ID, MENU_NAME, MENU_ROUTE_NAME, MENU_TYPE, MENU_URL, HTTP_METHOD, MENU_PATH, BUTTON_PERMISSION, MENU_COLOR, PARENT_ID, MENU_ICON, COMPONENT_PATH, MENU_SORT, CREATE_TIME, MODIFY_TIME, DEL_FLAG, APP_ID, AUTH_FLAG, HIDE_FLAG, ALIVE_FLAG) VALUES ('menu_admin_monitor_service', '服务监控', 'menu.admin.monitor.service', '0', null, null, '/admin/monitor/service', '', null, 'menu_admin_config', 'setting', 'views/admin/config/monitor/service', 9, '2017-11-02 14:24:37', '2020-05-30 20:25:52', '0', 'base' ,'1' ,'0', '1');
INSERT INTO SYS_ROLE_MENU_REL (ROLE_ID, MENU_ID) VALUES ('role_admin', 'menu_admin_monitor_server');
INSERT INTO SYS_ROLE_MENU_REL (ROLE_ID, MENU_ID) VALUES ('role_admin', 'menu_admin_monitor_service');

INSERT INTO SYS_MENU_INFO (MENU_ID, MENU_NAME, MENU_ROUTE_NAME, MENU_TYPE, MENU_URL, HTTP_METHOD, MENU_PATH, BUTTON_PERMISSION, MENU_COLOR, PARENT_ID, MENU_ICON, COMPONENT_PATH, MENU_SORT, CREATE_TIME, MODIFY_TIME, DEL_FLAG, APP_ID, AUTH_FLAG, HIDE_FLAG, ALIVE_FLAG) VALUES ('menu_admin_config_helpfile', '帮助文档', 'menu.admin.config.helpfile', '0', null, null, '/admin/config/helpfile', '', null, 'menu_admin_config', 'setting', 'views/admin/config/helpFile/index', 10, '2017-11-02 14:24:37', '2020-05-30 20:25:52', '0', 'base' ,'1' ,'0', '1');
INSERT INTO SYS_ROLE_MENU_REL (ROLE_ID, MENU_ID) VALUES ('role_admin', 'menu_admin_config_helpfile');

INSERT INTO sys_param_info (PARAM_ID,PARAM_NAME,PARAM_VALUE,PARAM_RMK,APP_ID,CREATE_TIME,MODIFY_TIME) VALUES ('system.copyright.name','system.copyright.name','北京先进数通信息技术股份公司2009-2021','版权信息名称','base','2021-01-27 09:20:15',NULL);
INSERT INTO sys_param_info (PARAM_ID,PARAM_NAME,PARAM_VALUE,PARAM_RMK,APP_ID,CREATE_TIME,MODIFY_TIME) values ('system.copyright.version','system.copyright.version','V3.2.0','版本信息','base','2021-01-27 09:20:15',NULL);
INSERT INTO sys_param_info (PARAM_ID,PARAM_NAME,PARAM_VALUE,PARAM_RMK,APP_ID,CREATE_TIME,MODIFY_TIME) values ('system.index.banner','system.index.banner','index_banner.png','首页banner','base','2021-01-27 09:20:15',NULL);
INSERT INTO sys_param_info (PARAM_ID,PARAM_NAME,PARAM_VALUE,PARAM_RMK,APP_ID,CREATE_TIME,MODIFY_TIME) values ('system.index.logo.image','system.index.logo.image','logo_index.svg','首页的logo。定制化放于前端XX目录','base','2021-01-27 09:20:15',NULL);
INSERT INTO sys_param_info (PARAM_ID,PARAM_NAME,PARAM_VALUE,PARAM_RMK,APP_ID,CREATE_TIME,MODIFY_TIME) values ('system.login.banner','system.login.banner','login_banner.jpg','登录页左侧banner','base','2021-01-27 09:20:15',NULL);
INSERT INTO sys_param_info (PARAM_ID,PARAM_NAME,PARAM_VALUE,PARAM_RMK,APP_ID,CREATE_TIME,MODIFY_TIME) values ('system.login.logo.image','system.login.logo.image','logo_login.png','登录页logo','base','2021-01-27 09:20:15',NULL);
INSERT INTO sys_param_info (PARAM_ID,PARAM_NAME,PARAM_VALUE,PARAM_RMK,APP_ID,CREATE_TIME,MODIFY_TIME) values ('system.login.logo.text','system.login.logo.text','RDC-基础框架','登录页系统标题','base','2021-01-27 09:20:15',NULL);
INSERT INTO sys_param_info (PARAM_ID,PARAM_NAME,PARAM_VALUE,PARAM_RMK,APP_ID,CREATE_TIME,MODIFY_TIME) values ('system.pwd.cycle.edit','system.pwd.cycle.edit','30','密码修改周期（单位：天）','base','2021-01-27 09:20:15',NULL);
INSERT INTO sys_param_info (PARAM_ID,PARAM_NAME,PARAM_VALUE,PARAM_RMK,APP_ID,CREATE_TIME,MODIFY_TIME) values ('system.pwd.cycle.tips','system.pwd.cycle.tips','3','提前N天提醒修改密码','base','2021-01-27 09:20:15',NULL);
INSERT INTO sys_param_info (PARAM_ID,PARAM_NAME,PARAM_VALUE,PARAM_RMK,APP_ID,CREATE_TIME,MODIFY_TIME) values ('system.pwd.edit.first','system.pwd.edit.first','true','初次登录是否强制修改密码','base','2021-01-27 09:20:15',NULL);
INSERT INTO sys_param_info (PARAM_ID,PARAM_NAME,PARAM_VALUE,PARAM_RMK,APP_ID,CREATE_TIME,MODIFY_TIME) values ('system.pwd.lock.numb','system.pwd.lock.numb','3','最近N次修改密码不允许重复','base','2021-01-27 09:20:15',NULL);
INSERT INTO sys_param_info (PARAM_ID,PARAM_NAME,PARAM_VALUE,PARAM_RMK,APP_ID,CREATE_TIME,MODIFY_TIME) values ('system.pwd.rule.msg','system.pwd.rule.msg','请输入字母、数字、符号组合！','密码校验提示语','base','2021-01-27 09:20:15',NULL);
INSERT INTO sys_param_info (PARAM_ID,PARAM_NAME,PARAM_VALUE,PARAM_RMK,APP_ID,CREATE_TIME,MODIFY_TIME) values ('system.pwd.rule.pattern','system.pwd.rule.pattern','[0-9],[a-zA-Z],[^0-9a-zA-Z_]','密码校验规则','base','2021-01-27 09:20:15',NULL);
INSERT INTO sys_param_info (PARAM_ID,PARAM_NAME,PARAM_VALUE,PARAM_RMK,APP_ID,CREATE_TIME,MODIFY_TIME) values ('system.title','system.title','欢迎使用RDC-基础框架','系统标题','base','2021-01-27 09:20:15',NULL);